{"cameraMode":{"drawMode":0,"name":"Shaded","section":"Shading Mode"},"sceneLighting":false,"audioPlay":false,"sceneViewState":{"showFog":true,"showMaterialUpdate":false,"showSkybox":false,"showFlares":true,"showImageEffects":true,"showParticleSystems":true,"showVisualEffectGraphs":true,"m_FxEnabled":true},"in2DMode":false,"pivot":{"x":-0.07687759399414063,"y":0.1661771535873413,"z":-0.0394434928894043},"rotation":{"x":-0.2197933942079544,"y":-0.32966557145118716,"z":0.07921471446752548,"w":-0.9147419333457947},"size":1.1660254001617432,"orthographic":false}