{"cameraMode":{"drawMode":0,"name":"Shaded","section":"Shading Mode"},"sceneLighting":false,"audioPlay":false,"sceneViewState":{"showFog":true,"showMaterialUpdate":false,"showSkybox":false,"showFlares":true,"showImageEffects":true,"showParticleSystems":true,"showVisualEffectGraphs":true,"m_FxEnabled":true},"in2DMode":false,"pivot":{"x":-0.07687759399414063,"y":0.1661771535873413,"z":-0.0394434928894043},"rotation":{"x":-0.08033397793769837,"y":-0.14687928557395936,"z":0.011971486732363701,"w":-0.9858237504959106},"size":0.8660253882408142,"orthographic":false}