{"cameraMode":{"drawMode":0,"name":"Shaded","section":"Shading Mode"},"sceneLighting":false,"audioPlay":false,"sceneViewState":{"showFog":true,"showMaterialUpdate":false,"showSkybox":false,"showFlares":true,"showImageEffects":true,"showParticleSystems":true,"showVisualEffectGraphs":true,"m_FxEnabled":true},"in2DMode":false,"pivot":{"x":-0.07687759399414063,"y":0.1661771535873413,"z":-0.0394434928894043},"rotation":{"x":-0.07848214358091355,"y":-0.2566227912902832,"z":0.02091490849852562,"w":-0.9631031155586243},"size":1.1660254001617432,"orthographic":false}