{"cameraMode":{"drawMode":0,"name":"Shaded","section":"Shading Mode"},"sceneLighting":false,"audioPlay":false,"sceneViewState":{"showFog":true,"showMaterialUpdate":false,"showSkybox":false,"showFlares":true,"showImageEffects":true,"showParticleSystems":true,"showVisualEffectGraphs":true,"m_FxEnabled":true},"in2DMode":false,"pivot":{"x":-0.1529783010482788,"y":0.3155485987663269,"z":0.011815130710601807},"rotation":{"x":-0.1548530012369156,"y":0.8388989567756653,"z":-0.30889683961868288,"w":-0.42055344581604006},"size":1.0309501886367798,"orthographic":false}