{"cameraMode":{"drawMode":0,"name":"Shaded","section":"Shading Mode"},"sceneLighting":false,"audioPlay":false,"sceneViewState":{"showFog":true,"showMaterialUpdate":false,"showSkybox":false,"showFlares":true,"showImageEffects":true,"showParticleSystems":true,"showVisualEffectGraphs":true,"m_FxEnabled":true},"in2DMode":false,"pivot":{"x":-0.18101370334625245,"y":-0.28071075677871706,"z":0.9413497447967529},"rotation":{"x":0.08468177169561386,"y":0.15362942218780518,"z":-0.01321173831820488,"w":0.9844287633895874},"size":2.463245391845703,"orthographic":false}